<?xml version="1.0" encoding="UTF-8"?>
<metadata xml:lang="en"><Esri><CreaDate>20121121</CreaDate><CreaTime>11095800</CreaTime><SyncOnce>FALSE</SyncOnce><SyncDate>20110414</SyncDate><SyncTime>14545200</SyncTime><ModDate>20110414</ModDate><ModTime>14545200</ModTime><DataProperties><lineage><Process Name="FeatureClassToFeatureClass_1" ToolSource="C:\Program Files\ArcGIS\ArcToolbox\Toolboxes\Conversion Tools.tbx\FeatureClassToFeatureClass" Date="20080718" Time="110229">FeatureClassToFeatureClass C:\Workspace\SB4103\Data\AH_Parishes_20071207.shp C:\Workspace\SB4103\Data\AHO.mdb SPIDA_PARISH_HR # "PARISH_NM PARISH_NM true false false 64 Text 0 0 ,First,#,C:\Workspace\SB4103\Data\AH_Parishes_20071207.shp,PARISH_NM,-1,-1;CP_NUM CP_NUM true false false 6 Text 0 0 ,First,#,C:\Workspace\SB4103\Data\AH_Parishes_20071207.shp,CP_NUM,-1,-1;COUNTY_NUM COUNTY_NUM true false false 19 Double 5 18 ,First,#,C:\Workspace\SB4103\Data\AH_Parishes_20071207.shp,COUNTY_NUM,-1,-1;COUNTY_NAM COUNTY_NAM true false false 35 Text 0 0 ,First,#,C:\Workspace\SB4103\Data\AH_Parishes_20071207.shp,COUNTY_NAM,-1,-1;AHDO_NAM AHDO_NAM true false false 20 Text 0 0 ,First,#,C:\Workspace\SB4103\Data\AH_Parishes_20071207.shp,AHDO_NAM,-1,-1;AHDO_NUM AHDO_NUM true false false 15 Double 0 15 ,First,#,C:\Workspace\SB4103\Data\AH_Parishes_20071207.shp,AHDO_NUM,-1,-1;COUNTRY COUNTRY true false false 15 Text 0 0 ,First,#,C:\Workspace\SB4103\Data\AH_Parishes_20071207.shp,COUNTRY,-1,-1;CPNUM CPNUM true false false 6 Long 0 6 ,First,#,C:\Workspace\SB4103\Data\AH_Parishes_20071207.shp,CPNUM,-1,-1" # C:\Workspace\SB4103\Data\AHO.mdb\SPIDA_PARISH_HR</Process><Process Name="FeatureClassToFeatureClass_2" ToolSource="C:\Program Files\ArcGIS\ArcToolbox\Toolboxes\Conversion Tools.tbx\FeatureClassToFeatureClass" Date="20080718" Time="110622">FeatureClassToFeatureClass C:\Workspace\SB4103\Data\AHO.mdb\SPIDA_PARISH_HR C:\Workspace\SB4103\Data\AHO.mdb\SPIDA SPIDA_PARISH_H # "PARISH_NM PARISH_NM true true false 64 Text 0 0 ,First,#,C:\Workspace\SB4103\Data\AHO.mdb\SPIDA_PARISH_HR,PARISH_NM,-1,-1;CP_NUM CP_NUM true true false 6 Text 0 0 ,First,#,C:\Workspace\SB4103\Data\AHO.mdb\SPIDA_PARISH_HR,CP_NUM,-1,-1;COUNTY_NUM COUNTY_NUM true true false 8 Double 0 0 ,First,#,C:\Workspace\SB4103\Data\AHO.mdb\SPIDA_PARISH_HR,COUNTY_NUM,-1,-1;COUNTY_NAM COUNTY_NAM true true false 35 Text 0 0 ,First,#,C:\Workspace\SB4103\Data\AHO.mdb\SPIDA_PARISH_HR,COUNTY_NAM,-1,-1;AHDO_NAM AHDO_NAM true true false 20 Text 0 0 ,First,#,C:\Workspace\SB4103\Data\AHO.mdb\SPIDA_PARISH_HR,AHDO_NAM,-1,-1;AHDO_NUM AHDO_NUM true true false 8 Double 0 0 ,First,#,C:\Workspace\SB4103\Data\AHO.mdb\SPIDA_PARISH_HR,AHDO_NUM,-1,-1;COUNTRY COUNTRY true true false 15 Text 0 0 ,First,#,C:\Workspace\SB4103\Data\AHO.mdb\SPIDA_PARISH_HR,COUNTRY,-1,-1;CPNUM CPNUM true true false 4 Long 0 0 ,First,#,C:\Workspace\SB4103\Data\AHO.mdb\SPIDA_PARISH_HR,CPNUM,-1,-1;Shape_Length Shape_Length false true true 8 Double 0 0 ,First,#,C:\Workspace\SB4103\Data\AHO.mdb\SPIDA_PARISH_HR,Shape_Length,-1,-1;Shape_Area Shape_Area false true true 8 Double 0 0 ,First,#,C:\Workspace\SB4103\Data\AHO.mdb\SPIDA_PARISH_HR,Shape_Area,-1,-1" # C:\Workspace\SB4103\Data\AHO.mdb\SPIDA\SPIDA_PARISH_H</Process><Process Name="Dissolve_1" ToolSource="C:\Program Files\ArcGIS\ArcToolbox\Toolboxes\Data Management Tools.tbx\Dissolve" Date="20080720" Time="214846">Dissolve SPIDA_PARISH_HR C:\Workspace\SB4103\Data\AHO.mdb\SPIDA\SPIDA_PARISH_HR_Dissolve CPNUM # MULTI_PART</Process><Process Name="FeatureClassToFeatureClass_1" ToolSource="C:\Program Files\ArcGIS\ArcToolbox\Toolboxes\Conversion Tools.tbx\FeatureClassToFeatureClass" Date="20080722" Time="122614">FeatureClassToFeatureClass C:\Workspace\SB4103\Data\AHO.mdb\SPIDA\SPIDA_HR_PARISH C:\Workspace\SB4103\Data\AHO_NEW.mdb SPIDA_HR_PARISH # "Shape_Area Shape_Area false true true 8 Double 0 0 ,First,#,C:\Workspace\SB4103\Data\AHO.mdb\SPIDA\SPIDA_HR_PARISH,Shape_Area,-1,-1;Shape_Length Shape_Length false true true 8 Double 0 0 ,First,#,C:\Workspace\SB4103\Data\AHO.mdb\SPIDA\SPIDA_HR_PARISH,Shape_Length,-1,-1;Shape_XMax Shape_XMax true true false 8 Double 0 0 ,First,#,C:\Workspace\SB4103\Data\AHO.mdb\SPIDA\SPIDA_HR_PARISH,Shape_XMax,-1,-1;Shape_XMin Shape_XMin true true false 8 Double 0 0 ,First,#,C:\Workspace\SB4103\Data\AHO.mdb\SPIDA\SPIDA_HR_PARISH,Shape_XMin,-1,-1;Shape_YMax Shape_YMax true true false 8 Double 0 0 ,First,#,C:\Workspace\SB4103\Data\AHO.mdb\SPIDA\SPIDA_HR_PARISH,Shape_YMax,-1,-1;Shape_YMin Shape_YMin true true false 8 Double 0 0 ,First,#,C:\Workspace\SB4103\Data\AHO.mdb\SPIDA\SPIDA_HR_PARISH,Shape_YMin,-1,-1;PAR PAR true true false 4 Long 0 0 ,First,#,C:\Workspace\SB4103\Data\AHO.mdb\SPIDA\SPIDA_HR_PARISH,PAR,-1,-1;PARID PARID true true false 5 Text 0 0 ,First,#,C:\Workspace\SB4103\Data\AHO.mdb\SPIDA\SPIDA_HR_PARISH,PARID,-1,-1;PARNAME PARNAME true true false 200 Text 0 0 ,First,#,C:\Workspace\SB4103\Data\AHO.mdb\SPIDA\SPIDA_HR_PARISH,PARNAME,-1,-1;AHOID AHOID true true false 2 Short 0 0 ,First,#,C:\Workspace\SB4103\Data\AHO.mdb\SPIDA\SPIDA_HR_PARISH,AHOID,-1,-1;CTYID CTYID true true false 2 Short 0 0 ,First,#,C:\Workspace\SB4103\Data\AHO.mdb\SPIDA\SPIDA_HR_PARISH,CTYID,-1,-1;CTRYID CTRYID true true false 2 Short 0 0 ,First,#,C:\Workspace\SB4103\Data\AHO.mdb\SPIDA\SPIDA_HR_PARISH,CTRYID,-1,-1" # C:\Workspace\SB4103\Data\AHO_NEW.mdb\SPIDA_HR_PARISH</Process><Process Name="Dissolve_1" ToolSource="C:\Program Files\ArcGIS\ArcToolbox\Toolboxes\Data Management Tools.tbx\Dissolve" Date="20080722" Time="123913">Dissolve SPIDA_HR_PARISH C:\Workspace\SB4103\Data\AHO_NEW.mdb\SPIDA_HR_PARISH_Dissolve PAR # MULTI_PART</Process><Process Name="FeatureClassToFeatureClass_5" ToolSource="C:\Program Files\ArcGIS\ArcToolbox\Toolboxes\Conversion Tools.tbx\FeatureClassToFeatureClass" Date="20090301" Time="184442">FeatureClassToFeatureClass E:\AHO.mdb\SPIDA_AHO_PARISH_HR "Database Connections\VLA69_SDE_SPIDA.sde" PARISH # "Shape_Area Shape_Area false true true 8 Double 0 0 ,First,#,E:\AHO.mdb\SPIDA_AHO_PARISH_HR,Shape_Area,-1,-1;Shape_Length Shape_Length false true true 8 Double 0 0 ,First,#,E:\AHO.mdb\SPIDA_AHO_PARISH_HR,Shape_Length,-1,-1;Shape_XMax Shape_XMax true true false 8 Double 0 0 ,First,#,E:\AHO.mdb\SPIDA_AHO_PARISH_HR,Shape_XMax,-1,-1;Shape_XMin Shape_XMin true true false 8 Double 0 0 ,First,#,E:\AHO.mdb\SPIDA_AHO_PARISH_HR,Shape_XMin,-1,-1;Shape_YMax Shape_YMax true true false 8 Double 0 0 ,First,#,E:\AHO.mdb\SPIDA_AHO_PARISH_HR,Shape_YMax,-1,-1;Shape_YMin Shape_YMin true true false 8 Double 0 0 ,First,#,E:\AHO.mdb\SPIDA_AHO_PARISH_HR,Shape_YMin,-1,-1;PAR PAR true true false 4 Long 0 0 ,First,#,E:\AHO.mdb\SPIDA_AHO_PARISH_HR,PAR,-1,-1;PARID PARID true true false 5 Text 0 0 ,First,#,E:\AHO.mdb\SPIDA_AHO_PARISH_HR,PARID,-1,-1;PARNAME PARNAME true true false 200 Text 0 0 ,First,#,E:\AHO.mdb\SPIDA_AHO_PARISH_HR,PARNAME,-1,-1;AHOID AHOID true true false 2 Short 0 0 ,First,#,E:\AHO.mdb\SPIDA_AHO_PARISH_HR,AHOID,-1,-1;CTYID CTYID true true false 2 Short 0 0 ,First,#,E:\AHO.mdb\SPIDA_AHO_PARISH_HR,CTYID,-1,-1" # "Database Connections\VLA69_SDE_SPIDA.sde\SDE_SPIDA.SDE.PARISH"</Process><Process ToolSource="C:\Program Files\ArcGIS\ArcToolbox\Toolboxes\Conversion Tools.tbx\FeatureClassToFeatureClass" Date="20101108" Time="095247">FeatureClassToFeatureClass "Database Connections\SDE_SPIDA.sde\SDE_SPIDA.SDE.PARISH" S:\R&amp;D\CERA\GISTeam\Data\SPIDA\SPIDA_BaseData.gdb SPIDA_PARISH # "Shape_XMax 'Shape_XMax' true true false 8 Double 8 38 ,First,#,Database Connections\SDE_SPIDA.sde\SDE_SPIDA.SDE.PARISH,Shape_XMax,-1,-1;Shape_XMin 'Shape_XMin' true true false 8 Double 8 38 ,First,#,Database Connections\SDE_SPIDA.sde\SDE_SPIDA.SDE.PARISH,Shape_XMin,-1,-1;Shape_YMax 'Shape_YMax' true true false 8 Double 8 38 ,First,#,Database Connections\SDE_SPIDA.sde\SDE_SPIDA.SDE.PARISH,Shape_YMax,-1,-1;Shape_YMin 'Shape_YMin' true true false 8 Double 8 38 ,First,#,Database Connections\SDE_SPIDA.sde\SDE_SPIDA.SDE.PARISH,Shape_YMin,-1,-1;PAR 'PAR' true true false 4 Long 0 10 ,First,#,Database Connections\SDE_SPIDA.sde\SDE_SPIDA.SDE.PARISH,PAR,-1,-1;PARID 'PARID' true true false 5 Text 0 0 ,First,#,Database Connections\SDE_SPIDA.sde\SDE_SPIDA.SDE.PARISH,PARID,-1,-1;PARNAME 'PARNAME' true true false 200 Text 0 0 ,First,#,Database Connections\SDE_SPIDA.sde\SDE_SPIDA.SDE.PARISH,PARNAME,-1,-1;AHOID 'AHOID' true true false 2 Short 0 5 ,First,#,Database Connections\SDE_SPIDA.sde\SDE_SPIDA.SDE.PARISH,AHOID,-1,-1;CTYID 'CTYID' true true false 2 Short 0 5 ,First,#,Database Connections\SDE_SPIDA.sde\SDE_SPIDA.SDE.PARISH,CTYID,-1,-1;Shape_area 'Shape_area' false false true 0 Double 0 0 ,First,#,Database Connections\SDE_SPIDA.sde\SDE_SPIDA.SDE.PARISH,Shape.area,-1,-1;Shape_len 'Shape_len' false false true 0 Double 0 0 ,First,#,Database Connections\SDE_SPIDA.sde\SDE_SPIDA.SDE.PARISH,Shape.len,-1,-1" # S:\R&amp;D\CERA\GISTeam\Data\SPIDA\SPIDA_BaseData.gdb\SPIDA_PARISH</Process><Process ToolSource="C:\Program Files\ArcGIS\ArcToolbox\Toolboxes\Data Management Tools.tbx\Dissolve" Date="20110414" Time="145614">Dissolve SPIDA_PARISH S:\R&amp;D\CERA\GISTeam\Data\SPIDA\SPIDA_BaseData.gdb\SPIDA_PARISH_Dissolve CTYID # MULTI_PART DISSOLVE_LINES</Process><Process ToolSource="C:\Program Files\ArcGIS\Desktop10.0\ArcToolbox\Toolboxes\Data Management Tools.tbx\CalculateField" Date="20121121" Time="111314">CalculateField CountyCPH_SPIDA CTY_TXT ""0" &amp; [CTYID]" VB #</Process><Process ToolSource="C:\Program Files\ArcGIS\Desktop10.0\ArcToolbox\Toolboxes\Data Management Tools.tbx\CalculateField" Date="20121121" Time="111337">CalculateField CountyCPH_SPIDA CTY_TXT [CTYID] VB #</Process></lineage><itemProps><itemLocation><linkage Sync="TRUE">file://\\VLAFILER1\shared\R&amp;D\CERA\TB\TB_Section\SE3045_TBSpread\GIS\project_files\ThemeC_RecentSpread\GridSizeAndThresholds\GridSizeAndThresholds.gdb</linkage><protocol Sync="TRUE">Local Area Network</protocol></itemLocation></itemProps></DataProperties><ArcGISFormat>1.0</ArcGISFormat></Esri><idinfo><native Sync="TRUE">Microsoft Windows XP Version 5.1 (Build 2600) Service Pack 3; ESRI ArcCatalog 9.3.1.3000</native><descript><langdata Sync="TRUE">en</langdata><abstract>REQUIRED: A brief narrative summary of the data set.</abstract><purpose>REQUIRED: A summary of the intentions with which the data set was developed.</purpose></descript><citation><citeinfo><origin>REQUIRED: The name of an organization or individual that developed the data set.</origin><pubdate>REQUIRED: The date when the data set is published or otherwise made available for release.</pubdate><title Sync="TRUE">SPIDA_PARISH_Dissolve</title><ftname Sync="TRUE">SPIDA_PARISH_Dissolve</ftname><geoform Sync="TRUE">vector digital data</geoform><onlink Sync="TRUE">\\VLAFILER1\shared\R&amp;D\CERA\GISTeam\Data\SPIDA\SPIDA_BaseData.gdb</onlink></citeinfo></citation><timeperd><current>REQUIRED: The basis on which the time period of content information is determined.</current><timeinfo><sngdate><caldate>REQUIRED: The year (and optionally month, or month and day) for which the data set corresponds to the ground.</caldate></sngdate></timeinfo></timeperd><status><progress>REQUIRED: The state of the data set.</progress><update>REQUIRED: The frequency with which changes and additions are made to the data set after the initial data set is completed.</update></status><spdom><bounding><westbc Sync="TRUE">-9.226253</westbc><eastbc Sync="TRUE">2.704403</eastbc><northbc Sync="TRUE">60.866753</northbc><southbc Sync="TRUE">49.817719</southbc></bounding><lboundng><leftbc Sync="TRUE">5720.000700</leftbc><rightbc Sync="TRUE">655988.999900</rightbc><bottombc Sync="TRUE">5333.600200</bottombc><topbc Sync="TRUE">1220372.999300</topbc></lboundng></spdom><keywords><theme><themekt>REQUIRED: Reference to a formally registered thesaurus or a similar authoritative source of theme keywords.</themekt><themekey>REQUIRED: Common-use word or phrase used to describe the subject of the data set.</themekey></theme></keywords><accconst>REQUIRED: Restrictions and legal prerequisites for accessing the data set.</accconst><useconst>REQUIRED: Restrictions and legal prerequisites for using the data set after access is granted.</useconst><natvform Sync="TRUE">File Geodatabase Feature Class</natvform></idinfo><dataIdInfo><envirDesc Sync="TRUE">Microsoft Windows XP Version 5.1 (Build 2600) Service Pack 3; ESRI ArcCatalog 9.3.1.3000</envirDesc><dataLang><languageCode Sync="TRUE" value="en"></languageCode></dataLang><idCitation><resTitle Sync="TRUE">SPIDA_PARISH_Dissolve</resTitle><presForm><PresFormCd Sync="TRUE" value="005"></PresFormCd></presForm></idCitation><spatRpType><SpatRepTypCd Sync="TRUE" value="001"></SpatRepTypCd></spatRpType><dataExt><geoEle><GeoBndBox esriExtentType="native"><westBL Sync="TRUE">5720.0007</westBL><eastBL Sync="TRUE">655988.9999</eastBL><northBL Sync="TRUE">1220372.9993</northBL><southBL Sync="TRUE">5333.6002</southBL><exTypeCode Sync="TRUE">1</exTypeCode></GeoBndBox></geoEle></dataExt><geoBox esriExtentType="decdegrees"><westBL Sync="TRUE">-9.226253</westBL><eastBL Sync="TRUE">2.704403</eastBL><northBL Sync="TRUE">60.866753</northBL><southBL Sync="TRUE">49.817719</southBL><exTypeCode Sync="TRUE">1</exTypeCode></geoBox></dataIdInfo><metainfo><langmeta Sync="TRUE">en</langmeta><metstdn Sync="TRUE">FGDC Content Standards for Digital Geospatial Metadata</metstdn><metstdv Sync="TRUE">FGDC-STD-001-1998</metstdv><mettc Sync="TRUE">local time</mettc><metc><cntinfo><cntorgp><cntper>REQUIRED: The person responsible for the metadata information.</cntper><cntorg>REQUIRED: The organization responsible for the metadata information.</cntorg></cntorgp><cntaddr><addrtype>REQUIRED: The mailing and/or physical address for the organization or individual.</addrtype><city>REQUIRED: The city of the address.</city><state>REQUIRED: The state or province of the address.</state><postal>REQUIRED: The ZIP or other postal code of the address.</postal></cntaddr><cntvoice>REQUIRED: The telephone number by which individuals can speak to the organization or individual.</cntvoice></cntinfo></metc><metd Sync="TRUE">20110414</metd><metextns><onlink Sync="TRUE">http://www.esri.com/metadata/esriprof80.html</onlink><metprof Sync="TRUE">ESRI Metadata Profile</metprof></metextns></metainfo><mdLang><languageCode Sync="TRUE" value="en"></languageCode></mdLang><mdStanName Sync="TRUE">ISO 19115 Geographic Information - Metadata</mdStanName><mdStanVer Sync="TRUE">DIS_ESRI1.0</mdStanVer><mdChar><CharSetCd Sync="TRUE" value="004"></CharSetCd></mdChar><mdHrLv><ScopeCd Sync="TRUE" value="005"></ScopeCd></mdHrLv><mdHrLvName Sync="TRUE">dataset</mdHrLvName><distinfo><resdesc Sync="TRUE">Downloadable Data</resdesc></distinfo><distInfo><distributor><distorTran><onLineSrc><orDesc Sync="TRUE">002</orDesc><linkage Sync="TRUE">file://\\VLAFILER1\shared\R&amp;D\CERA\GISTeam\Data\SPIDA\SPIDA_BaseData.gdb</linkage><protocol Sync="TRUE">Local Area Network</protocol></onLineSrc></distorTran><distorFormat><formatName Sync="TRUE">File Geodatabase Feature Class</formatName></distorFormat></distributor></distInfo><spdoinfo><direct Sync="TRUE">Vector</direct><ptvctinf><esriterm Name="SPIDA_PARISH_Dissolve"><efeatyp Sync="TRUE">Simple</efeatyp><efeageom Sync="TRUE">Polygon</efeageom><esritopo Sync="TRUE">FALSE</esritopo><efeacnt Sync="TRUE">0</efeacnt><spindex Sync="TRUE">TRUE</spindex><linrefer Sync="TRUE">FALSE</linrefer></esriterm><sdtsterm Name="SPIDA_PARISH_Dissolve"><sdtstype Sync="TRUE">G-polygon</sdtstype><ptvctcnt Sync="TRUE">0</ptvctcnt></sdtsterm></ptvctinf></spdoinfo><spatRepInfo><VectSpatRep><topLvl><TopoLevCd Sync="TRUE" value="001"></TopoLevCd></topLvl><geometObjs Name="SPIDA_PARISH_Dissolve"><geoObjTyp><GeoObjTypCd Sync="TRUE" value="001"></GeoObjTypCd></geoObjTyp><geoObjCnt Sync="TRUE">0</geoObjCnt></geometObjs></VectSpatRep></spatRepInfo><eainfo><detailed Name="SPIDA_PARISH_Dissolve"><attr><attrlabl Sync="TRUE">Shape</attrlabl><attalias Sync="TRUE">Shape</attalias><attrtype Sync="TRUE">Geometry</attrtype><attwidth Sync="TRUE">0</attwidth><atprecis Sync="TRUE">0</atprecis><attscale Sync="TRUE">0</attscale><attrdef Sync="TRUE">Feature geometry.</attrdef><attrdefs Sync="TRUE">ESRI</attrdefs><attrdomv><udom Sync="TRUE">Coordinates defining the features.</udom></attrdomv></attr><enttyp><enttypl Sync="TRUE">SPIDA_PARISH_Dissolve</enttypl><enttypt Sync="TRUE">Feature Class</enttypt><enttypc Sync="TRUE">0</enttypc></enttyp><attr><attrlabl Sync="TRUE">OBJECTID</attrlabl><attalias Sync="TRUE">OBJECTID</attalias><attrtype Sync="TRUE">OID</attrtype><attwidth Sync="TRUE">4</attwidth><atprecis Sync="TRUE">0</atprecis><attscale Sync="TRUE">0</attscale><attrdef Sync="TRUE">Internal feature number.</attrdef><attrdefs Sync="TRUE">ESRI</attrdefs><attrdomv><udom Sync="TRUE">Sequential unique whole numbers that are automatically generated.</udom></attrdomv></attr><attr><attrlabl Sync="TRUE">CTYID</attrlabl><attalias Sync="TRUE">CTYID</attalias><attrtype Sync="TRUE">SmallInteger</attrtype><attwidth Sync="TRUE">2</attwidth><atprecis Sync="TRUE">0</atprecis><attscale Sync="TRUE">0</attscale></attr><attr><attrlabl Sync="TRUE">Shape_Length</attrlabl><attalias Sync="TRUE">Shape_Length</attalias><attrtype Sync="TRUE">Double</attrtype><attwidth Sync="TRUE">8</attwidth><atprecis Sync="TRUE">0</atprecis><attscale Sync="TRUE">0</attscale><attrdef Sync="TRUE">Length of feature in internal units.</attrdef><attrdefs Sync="TRUE">ESRI</attrdefs><attrdomv><udom Sync="TRUE">Positive real numbers that are automatically generated.</udom></attrdomv></attr><attr><attrlabl Sync="TRUE">Shape_Area</attrlabl><attalias Sync="TRUE">Shape_Area</attalias><attrtype Sync="TRUE">Double</attrtype><attwidth Sync="TRUE">8</attwidth><atprecis Sync="TRUE">0</atprecis><attscale Sync="TRUE">0</attscale><attrdef Sync="TRUE">Area of feature in internal units squared.</attrdef><attrdefs Sync="TRUE">ESRI</attrdefs><attrdomv><udom Sync="TRUE">Positive real numbers that are automatically generated.</udom></attrdomv></attr></detailed></eainfo><mdDateSt Sync="TRUE">20110414</mdDateSt><spref><horizsys><cordsysn><geogcsn Sync="TRUE">GCS_OSGB_1936</geogcsn><projcsn Sync="TRUE">British_National_Grid</projcsn></cordsysn><planar><planci><plance Sync="TRUE">coordinate pair</plance><plandu Sync="TRUE">meters</plandu><coordrep><absres Sync="TRUE">0.000100</absres><ordres Sync="TRUE">0.000100</ordres></coordrep></planci><mapproj><mapprojn Sync="TRUE">Transverse Mercator</mapprojn><transmer><sfctrmer Sync="TRUE">0.999601</sfctrmer><longcm Sync="TRUE">-2.000000</longcm><latprjo Sync="TRUE">49.000000</latprjo><feast Sync="TRUE">400000.000000</feast><fnorth Sync="TRUE">-100000.000000</fnorth></transmer></mapproj></planar><geodetic><horizdn Sync="TRUE">D_OSGB_1936</horizdn><ellips Sync="TRUE">Airy_1830</ellips><semiaxis Sync="TRUE">6377563.396000</semiaxis><denflat Sync="TRUE">299.324965</denflat></geodetic></horizsys><vertdef><altsys><altenc Sync="TRUE">Explicit elevation coordinate included with horizontal coordinates</altenc><altres Sync="TRUE">1.000000</altres></altsys></vertdef></spref><refSysInfo><RefSystem><refSysID><identCode Sync="TRUE">British_National_Grid</identCode></refSysID></RefSystem></refSysInfo></metadata>
